File Name:	PMMA_CN_6mm_60Kmin_4mg_R1.txt	Version: 8.3.7.3						
Date:	02 Aug 2024							
Operator:	-							
Test ID:	PMMA_CN_6mm_4mg_60K_R1							
Sample ID:	PMMA_6mm_4mg_R1							
Sample Mass (mg):	4.0500							
Sample Cup Mass (mg):	184.4700							
End Total Mass (mg):								
Heating Rate (C/s):	1.0000							
Combuster Temperature (C):	900.0							
N2 Flow Rate (cc/min):	80.0							
O2 Flow Rate (cc/min):	20.0							
Calibration File:	Coeff.txt							
T Correction Coefficients:	0.308738730	0.013615500	0.000000000					
Time Shift (s):	10.0							
Pre-Test Comments:								
Post-Test Comments:								
Baseline Flow:	99.761							
Baseline O2:	20.276							
Instrument ID:	2700							
----------exported parameters----------
Date:	07 Okt 2024
T Onset (°C):	297.104
T Burn (°C):	417.034
Peak Temperature (°C):	386.719
Heating Rate (°C/s):	1.0101234347045651
FGC (kJ/(gK)):	6.725926549441123
HR Capacity (J/g-K):	TODO
Peak HRR (W/g):	372.56518609144314
Total HRR (kJ/g):	25.74550407823832
@
time	temp	N2_flow	O2_flow	total_flow	O2_percent	HRR	HR	comb_temp
52.0	113.575	80.052	19.997	100.48	0.02725259967845517	-0.5233770035580716	1.087	899.105
52.5	114.114	80.055	19.998	100.477	0.026077734006697995	-0.5199723060269309	1.107	899.11
53.001	114.637	80.053	19.997	100.471	0.025902518603601266	-0.5055587991007279	1.061	899.101
53.501	115.181	80.055	19.998	100.474	0.027727652931844204	-0.709154101569587	1.066	899.094
54.001	115.727	80.056	19.999	100.48	0.029552787260090696	-0.7417494040384462	1.089	899.1
54.501	116.266	80.055	19.998	100.482	0.029377921588334743	-0.7733447065073056	1.086	899.134
55.0	116.806	80.055	19.997	100.473	0.03220340564792323	-0.8619488183712269	1.08	899.108
55.5	117.322	80.053	19.996	100.462	0.028028539976165945	-0.5345441208400863	1.055	899.09
56.0	117.883	80.053	19.996	100.444	0.027853674304409992	-0.5681394233089455	1.077	899.096
56.5	118.401	80.055	19.997	100.431	0.030678808632654153	-0.6647347257778047	1.079	899.098
57.0	118.931	80.051	19.996	100.42	0.02950394296089698	-0.6743300282466639	1.048	899.074
57.501	119.475	80.052	19.997	100.417	0.03132872755779914	-0.761916521320461	1.074	899.119
58.001	120.02	80.053	19.998	100.419	0.03315386188604208	-0.9485118237893201	1.089	899.095
58.501	120.517	80.051	19.997	100.425	0.031978996214284905	-0.9111071262581794	1.042	899.147
59.001	121.049	80.053	19.997	100.424	0.02880413054252884	-0.6557024287270385	1.03	899.105
59.5	121.58	80.055	19.998	100.427	0.029629614602118437	-0.65630654059096	1.064	899.124
60.0	122.14	80.053	19.998	100.43	0.029454748930362484	-0.5769018430598193	1.091	899.108
60.501	122.681	80.054	19.998	100.429	0.031279533527261094	-0.7784883361336162	1.099	899.121
61.001	123.211	80.051	19.998	100.428	0.03110466785550514	-0.8000836386024754	1.071	899.14
61.5	123.715	80.051	19.998	100.425	0.026930151915095735	-0.5256877504663969	1.034	899.133
62.0	124.229	80.053	19.998	100.423	0.02775528624333745	-0.6362830529352562	1.018	899.111
62.501	124.766	80.054	19.997	100.418	0.030580070840240836	-0.9868695460090531	1.051	899.137
63.0	125.308	80.055	19.998	100.414	0.02940555489982799	-0.9084736578729746	1.079	899.086
63.5	125.835	80.055	19.998	100.412	0.03023068922807326	-0.839068960341834	1.069	899.114
64.001	126.362	80.055	19.997	100.411	0.027055473824972864	-0.49365545341563083	1.054	899.151
64.5	126.932	80.057	19.997	100.412	0.02588095788456357	-0.2942595652795523	1.097	899.133
65.0	127.447	80.057	19.998	100.416	0.030706092212806624	-0.5768548677484117	1.084	899.151
65.501	127.95	80.056	19.998	100.419	0.02853087680970745	-0.3504413608222085	1.018	899.114
66.001	128.463	80.054	19.997	100.418	0.029356011137949167	-0.3900366632910677	1.017	899.119
66.501	128.986	80.054	19.998	100.415	0.0261811454661931	-0.11663196575992696	1.037	899.122
67.0	129.523	80.055	19.997	100.408	0.024006629525782586	0.03976392237615156	1.06	899.145
67.5	130.074	80.054	19.998	100.404	0.02283176385402541	0.02016861990729235	1.087	899.159
68.0	130.619	80.053	19.998	100.407	0.022656898182269458	0.052573317438433076	1.095	899.182
68.501	131.152	80.055	19.997	100.407	0.0234816827791704	0.08298682436463611	1.078	899.177
69.001	131.654	80.054	19.998	100.415	0.02830681710741345	-0.19760847810422305	1.035	899.145
69.501	132.193	80.055	19.997	100.425	0.02713195143565983	-0.14420378057308236	1.041	899.148
70.001	132.756	80.058	19.998	100.427	0.022957085763906093	0.22020091695805843	1.104	899.139
70.5	133.254	80.055	19.998	100.422	0.02378256982349214	0.15959680509413687	1.062	899.173
71.0	133.784	80.054	19.998	100.414	0.024607704151733856	0.10700150262527763	1.028	899.164
71.5	134.275	80.054	19.998	100.403	0.025432838479979125	0.08240620015641853	1.02	899.151
72.001	134.844	80.054	19.997	100.391	0.02125762307688106	0.33281970708262154	1.059	899.165
72.501	135.341	80.056	19.997	100.387	0.021082757405125108	0.3952244046137623	1.066	899.145
73.001	135.849	80.055	19.998	100.384	0.018907891733370263	0.4876291021449032	1.005	899.164
73.501	136.392	80.054	19.997	100.383	0.01673302606161542	0.6630337996760439	1.05	899.131
74.001	136.934	80.056	19.997	100.383	0.017558160389857136	0.6884384972071846	1.085	899.139
74.501	137.453	80.056	19.998	100.386	0.017383294718101183	0.7528431947383255	1.061	899.188
75.001	137.958	80.056	19.997	100.387	0.015208429046346339	0.932247892269466	1.023	899.17
75.501	138.513	80.057	19.997	100.385	0.013033563374591495	1.1886525898006068	1.06	899.166
76.0	139.007	80.055	19.998	100.38	0.014859047434178763	1.1180484779366853	1.051	899.155
76.5	139.546	80.054	19.997	100.373	0.012684181762423918	1.346453175467826	1.034	899.166
77.0	140.058	80.054	19.996	100.371	0.012509316090667966	1.3288578729989668	1.051	899.157
77.5	140.574	80.056	19.996	100.367	0.01133445041891079	1.4292625705301076	1.027	899.151
78.001	141.081	80.056	19.995	100.367	0.012159235015811731	1.3656760774563108	1.022	899.165
78.501	141.63	80.054	19.996	100.372	0.01098436934405811	1.3680807749874515	1.056	899.117
79.001	142.119	80.054	19.996	100.372	0.01580950367230116	0.9884854725185924	1.039	899.168
79.501	142.665	80.055	19.996	100.367	0.011634638000547426	1.2498901700497331	1.035	899.167
80.001	143.207	80.054	19.997	100.368	0.00845977232879136	1.5032948675808737	1.087	899.19
80.501	143.737	80.055	19.997	100.37	0.010284906657034298	1.2626995651120145	1.072	899.153
81.001	144.23	80.056	19.997	100.368	0.014110040985279682	1.0411042626431555	1.024	899.162
81.5	144.783	80.056	19.998	100.363	0.013935525044868058	1.0635001507792339	1.046	899.167
82.0	145.283	80.054	19.997	100.359	0.012760659373110883	1.1409048483103745	1.053	899.151
82.5	145.818	80.054	19.997	100.353	0.013585793701356152	1.1043095458415153	1.035	899.17
83.001	146.328	80.055	19.997	100.344	0.01341057829825587	1.0547230527677185	1.045	899.191
83.501	146.854	80.054	19.997	100.339	0.012235712626498696	1.0951277502988592	1.036	899.153
84.001	147.369	80.05	19.998	100.342	0.00906084695474263	1.37153244783	1.041	899.171
84.501	147.854	80.051	19.998	100.344	0.010885981282985568	1.308937145361141	1.0	899.197
85.001	148.414	80.054	19.997	100.34	0.007711115611233055	1.5883418428922818	1.045	899.18
85.5	148.942	80.054	19.998	100.342	0.009536599670820323	1.4297377310283599	1.088	899.174
86.001	149.451	80.055	19.998	100.346	0.009361384267720041	1.4591512379545633	1.036	899.183
86.501	149.983	80.054	19.998	100.348	0.006186518595963975	1.663555935485704	1.041	899.178
87.001	150.463	80.053	19.999	100.35	0.0050116529242103525	1.7139606330168444	1.012	899.165
87.501	151.027	80.054	19.998	100.354	0.0048367872524544	1.6153653305479856	1.045	899.18
88.0	151.521	80.053	19.997	100.352	0.003662271312041554	1.6937612186840638	1.058	899.201
88.501	152.004	80.055	19.996	100.348	0.0014870559089423807	1.902174725610267	0.976	899.186
89.001	152.562	80.055	19.996	100.349	0.0033121902371888723	1.817579423141408	1.041	899.18
89.501	153.088	80.054	19.997	100.348	0.0031373245654329196	1.8049841206725488	1.084	899.218
90.001	153.577	80.054	19.997	100.348	0.005962458893677081	1.5813888182036893	1.016	899.142
90.501	154.105	80.053	19.997	100.351	0.004787593221919906	1.6817935157348303	1.017	899.182
91.001	154.612	80.052	19.998	100.351	0.005612727550165175	1.6841982132659707	1.035	899.176
91.5	155.134	80.053	19.998	100.347	0.002438211609753438	1.951594101402049	1.029	899.21
92.0	155.627	80.053	19.997	100.342	0.0032633459379951546	1.89899879893319	1.015	899.171
92.5	156.163	80.055	19.998	100.339	0.0010884802662403104	2.124403496464331	1.027	899.21
93.001	156.668	80.055	19.998	100.338	-8.67351368611935e-05	2.196817003390534	1.04	899.222
93.501	157.165	80.053	19.998	100.339	-0.0012616008086148156	2.284221700921675	1.003	899.188
94.001	157.694	80.053	19.998	100.342	0.0005635335196281233	2.0786263984528155	1.026	899.184
94.501	158.19	80.053	19.998	100.346	-0.002611332152127943	2.380031095983956	1.025	899.207
95.001	158.747	80.052	19.998	100.351	-0.002786197823883896	2.4024357935150973	1.052	899.224
95.501	159.27	80.056	19.998	100.347	-0.004961063495635187	2.5988404910462375	1.08	899.236
96.001	159.744	80.055	19.998	100.345	-0.00513592916739114	2.6862451885773786	0.998	899.187
96.5	160.291	80.054	19.998	100.342	-0.004310445107808647	2.658641076713457	1.021	899.226
97.001	160.785	80.056	19.998	100.341	-0.005485660510903045	2.71605458363966	1.04	899.186
97.501	161.291	80.054	19.997	100.341	-0.011660526182659225	3.134459281170801	1.0	899.201
98.001	161.782	80.053	19.999	100.34	-0.007835391854417395	2.7708639787019416	0.998	899.199
98.5	162.298	80.054	19.999	100.335	-0.009009907794826688	2.8162598668380205	1.008	899.179
99.0	162.821	80.052	19.998	100.331	-0.013184773466583977	3.0536645643691607	1.039	899.245
99.501	163.37	80.056	19.999	100.33	-0.010359988869684145	2.859078071295364	1.072	899.209
100.001	163.874	80.055	19.998	100.325	-0.012534854541438989	3.0134827688265045	1.053	899.204
100.5	164.378	80.054	19.998	100.328	-0.011709370481852943	2.952878656962583	1.008	899.204
101.0	164.889	80.056	19.998	100.332	-0.013884236153607787	3.145283354493724	1.016	899.202
101.5	165.42	80.054	19.998	100.331	-0.017059101825363854	3.408688052024865	1.042	899.197
102.0	165.922	80.055	19.998	100.327	-0.02023396749711992	3.6280927495560054	1.032	899.213
102.501	166.438	80.056	19.998	100.325	-0.01840918290022131	3.4395062564822085	1.017	899.236
103.001	166.957	80.055	19.998	100.317	-0.020584048571976155	3.5619109540133493	1.034	899.218
103.501	167.449	80.054	19.999	100.312	-0.020758914243732107	3.56131565154449	1.011	899.223
104.001	167.951	80.054	19.998	100.314	-0.02393377991548462	3.820720349075631	0.994	899.189
104.502	168.47	80.055	19.997	100.318	-0.024108995318584903	3.852133856001834	1.021	899.209
105.001	168.993	80.056	19.998	100.319	-0.02828351125899431	4.181529744137913	1.042	899.212
105.501	169.475	80.054	19.997	100.326	-0.030458376930752706	4.552934441669054	1.005	899.188
106.001	169.968	80.055	19.998	100.33	-0.03063324260250866	4.704339139200194	0.975	899.223
106.501	170.494	80.056	19.998	100.33	-0.03680810827426484	5.285743836731335	1.019	899.187
107.001	171.008	80.054	19.997	100.33	-0.032982973946019456	5.124148534262476	1.04	899.184
107.501	171.494	80.057	19.998	100.329	-0.037157839617776744	5.493553231793616	1.0	899.205
108.001	171.996	80.057	19.998	100.325	-0.0373327052895327	5.561957929324757	0.988	899.24
108.501	172.523	80.057	19.997	100.323	-0.042507570961287655	5.902362626855898	1.029	899.225
109.001	173.048	80.055	19.998	100.322	-0.04368243663304483	5.956767324387038	1.052	899.196
109.501	173.543	80.056	19.998	100.322	-0.04285730230479956	5.81417202191818	1.02	899.228
110.0	174.062	80.056	19.998	100.331	-0.044031818245212406	5.831567910054258	1.014	899.222
110.501	174.63	80.056	19.998	100.334	-0.04620703364831158	5.978981416980461	1.087	899.206
111.001	175.118	80.054	19.998	100.334	-0.04638189932006753	6.035386114511601	1.056	899.237
111.501	175.616	80.055	19.999	100.332	-0.048556764991822376	6.2927908120427425	0.986	899.242
112.001	176.13	80.053	20.0	100.327	-0.05073163066358077	6.526195509573883	1.012	899.214
112.501	176.662	80.052	19.999	100.317	-0.05090649633533317	6.497600207105025	1.046	899.242
113.001	177.137	80.054	19.998	100.305	-0.05608136200708813	6.777004904636165	1.007	899.231
113.501	177.651	80.052	19.998	100.294	-0.06125622767884309	7.216409602167306	0.988	899.22
114.001	178.118	80.052	19.997	100.285	-0.06143109335059904	7.158814299698447	0.98	899.212
114.501	178.68	80.054	19.998	100.275	-0.06560595902235633	7.515218997229588	1.029	899.216
115.001	179.213	80.053	19.998	100.269	-0.06478082469411106	7.361623694760728	1.095	899.22
115.501	179.696	80.057	19.998	100.271	-0.06495569036586701	7.346028392291869	1.016	899.256
116.0	180.216	80.055	19.997	100.278	-0.06613020630627986	7.416424280427948	1.004	899.233
116.5	180.724	80.052	19.997	100.284	-0.0703050719780336	7.7778289779590875	1.029	899.24
117.001	181.253	80.053	19.998	100.289	-0.06948028738113621	7.66524248488529	1.037	899.257
117.501	181.739	80.051	19.998	100.288	-0.07365515305288994	7.987647182416431	1.014	899.248
118.001	182.265	80.052	19.996	100.287	-0.07583001872464834	8.163051879947574	1.011	899.257
118.502	182.772	80.054	19.997	100.283	-0.07800523412774751	8.388465386873776	1.033	899.24
119.001	183.286	80.053	19.997	100.278	-0.07917975006816036	8.496861275009854	1.022	899.241
119.501	183.814	80.054	19.997	100.274	-0.07835461573991509	8.517265972540995	1.043	899.227
120.001	184.332	80.054	19.998	100.277	-0.07952948141167226	8.646670670072135	1.045	899.265
120.501	184.81	80.052	19.998	100.281	-0.08270434708342833	8.939075367603277	0.996	899.229
121.001	185.299	80.054	19.997	100.282	-0.08687921275517851	9.244480065134418	0.968	899.221
121.501	185.779	80.052	19.998	100.283	-0.08805407842693569	9.369884762665558	0.969	899.252
122.001	186.317	80.052	19.997	100.287	-0.08922894409869286	9.436289460196699	1.017	899.197
122.502	186.826	80.055	19.997	100.286	-0.09040415950179082	9.4857029671229	1.047	899.261
123.001	187.364	80.054	19.998	100.284	-0.09057867544220244	9.39109885525898	1.047	899.274
123.502	187.847	80.054	19.997	100.286	-0.09075389084530272	9.377512362185184	1.02	899.251
124.001	188.359	80.056	19.997	100.285	-0.09192840678571557	9.48090825032126	0.996	899.266
124.501	188.872	80.054	19.997	100.287	-0.08810327245747018	9.254312947852402	1.026	899.266
125.001	189.388	80.055	19.997	100.284	-0.08827813812922614	9.299717645383543	1.03	899.232
125.501	189.903	80.053	19.998	100.28	-0.08945300380098331	9.423122342914684	1.032	899.225
126.001	190.459	80.051	19.998	100.279	-0.08862786947273804	9.374527040445825	1.07	899.27
126.501	190.94	80.053	19.997	100.278	-0.08980273514449522	9.503931737976966	1.036	899.253
127.001	191.429	80.051	19.997	100.27	-0.08697760081625105	9.175336435508108	0.97	899.258
127.501	191.935	80.054	19.997	100.265	-0.08815246648800823	9.291741133039247	0.995	899.265
128.002	192.461	80.054	19.998	100.261	-0.08732768189110374	9.15215463996545	1.032	899.274
128.501	192.926	80.051	19.998	100.258	-0.08750219783151891	9.106550528101529	0.992	899.27
129.001	193.467	80.052	19.997	100.26	-0.08567706350327242	8.92595522563267	1.007	899.261
129.501	193.954	80.054	19.997	100.265	-0.08685192917502604	9.03135992316381	1.028	899.239
130.001	194.505	80.053	19.998	100.27	-0.0850267948467831	8.921764620694951	1.038	899.246
130.501	195.006	80.052	19.997	100.273	-0.08320166051854017	8.815169318226092	1.052	899.261
131.001	195.49	80.051	19.998	100.273	-0.08437652619029379	8.907574015757232	0.985	899.294
131.501	196.001	80.051	19.997	100.269	-0.08055139186205196	8.672978713288373	0.993	899.268
132.002	196.507	80.052	19.997	100.266	-0.08372660726515235	8.994392220214577	1.017	899.257
132.501	196.985	80.051	19.998	100.262	-0.08490112320556165	9.118788108350655	0.985	899.242
133.001	197.503	80.052	19.997	100.255	-0.08207598887731749	8.930192805881795	0.996	899.243
133.501	198.036	80.055	19.997	100.254	-0.08125085454907577	8.831597503412937	1.051	899.247
134.001	198.535	80.054	19.998	100.257	-0.08242572022082939	8.940002200944077	1.032	899.302
134.501	199.058	80.057	19.996	100.26	-0.08060058589258645	8.865406898475218	1.022	899.243
135.001	199.592	80.056	19.997	100.266	-0.07777545156434229	8.602811596006358	1.056	899.3
135.501	200.086	80.055	19.997	100.272	-0.07395031723609691	8.2632162935375	1.027	899.265
136.002	200.591	80.053	19.997	100.271	-0.07512553263919486	8.389629800463702	0.999	899.262
136.501	201.078	80.054	19.998	100.272	-0.07230004857960992	8.15102568859978	0.993	899.29
137.001	201.621	80.055	19.998	100.27	-0.07247491425136587	8.186430386130922	1.03	899.285
137.501	202.111	80.052	19.998	100.265	-0.07164977992311705	7.985835083662063	1.033	899.252
138.001	202.618	80.053	19.998	100.261	-0.07382464559487545	8.121239781193204	0.997	899.31
138.501	203.12	80.052	19.997	100.261	-0.07099951126663129	7.874644478724345	1.009	899.281
139.001	203.633	80.051	19.997	100.255	-0.07117437693838724	7.852049176255485	1.015	899.303
139.501	204.152	80.052	19.998	100.25	-0.0693492426101443	7.690453873786625	1.032	899.316
140.001	204.638	80.055	19.997	100.247	-0.06552410828189892	7.289858571317767	1.005	899.295
140.501	205.172	80.055	19.997	100.248	-0.06769897395365376	7.409263268848907	1.02	899.324
141.001	205.67	80.052	19.998	100.248	-0.06587383962541082	7.172667966380048	1.032	899.318
141.502	206.179	80.051	19.997	100.246	-0.06504905502850988	7.108081473306251	1.007	899.291
142.002	206.705	80.051	19.998	100.244	-0.06322392070026694	6.876486170837392	1.035	899.292
142.501	207.224	80.054	19.999	100.244	-0.062398436640677346	6.7618820589734705	1.046	899.29
143.001	207.683	80.053	19.998	100.244	-0.06357330231243452	6.886286756504611	0.978	899.305
143.501	208.22	80.049	19.998	100.243	-0.06074816798419036	6.6936914540357515	0.996	899.331
144.001	208.736	80.05	19.997	100.245	-0.06092303365594631	6.765096151566892	1.053	899.313
144.501	209.208	80.051	19.998	100.248	-0.06209789932770349	6.920500849098033	0.988	899.31
145.002	209.735	80.053	19.998	100.25	-0.061273114730798994	6.897914356024237	0.998	899.337
145.502	210.244	80.055	19.997	100.252	-0.059447980402556055	6.722319053555377	1.037	899.332
146.001	210.741	80.053	19.997	100.254	-0.05862249634296646	6.717714941691456	1.007	899.334
146.501	211.243	80.053	19.998	100.255	-0.05779736201472119	6.691119639222596	0.999	899.32
147.001	211.759	80.052	19.997	100.259	-0.05697222768647947	6.701524336753737	1.018	899.314
147.501	212.272	80.054	19.998	100.263	-0.0561470933582342	6.6239290342848784	1.029	899.346
148.001	212.797	80.055	19.999	100.269	-0.06032195902999149	6.950333731816019	1.037	899.313
148.502	213.278	80.053	19.999	100.273	-0.05749717443309166	6.825747238742221	1.005	899.321
149.003	213.765	80.055	19.998	100.278	-0.05867238983618961	6.861160745668425	0.968	899.329
149.502	214.268	80.056	19.997	100.283	-0.05784690577660356	6.823556633804504	0.991	899.344
150.001	214.769	80.055	19.997	100.281	-0.0610214217170153	6.994952521940582	1.005	899.334
150.501	215.299	80.055	19.998	100.276	-0.056196287388768695	6.609357219471723	1.031	899.324
151.001	215.826	80.055	19.998	100.273	-0.05937115306052476	6.8487619170028635	1.056	899.326
151.502	216.32	80.054	19.997	100.27	-0.058546368463627374	6.8431754239290665	1.02	899.347
152.002	216.837	80.054	19.998	100.264	-0.05872123413538333	6.804580121460208	1.01	899.34
152.502	217.327	80.052	19.997	100.265	-0.059896099807133396	6.823984818991348	1.007	899.346
153.002	217.8	80.054	19.998	100.267	-0.05907096547889168	6.817389516522488	0.964	899.324
153.501	218.357	80.055	19.998	100.26	-0.05524548141930552	6.5697854046585675	1.031	899.351
154.001	218.844	80.052	19.997	100.253	-0.0614203470910617	6.986190102189708	1.043	899.376
154.501	219.383	80.052	19.997	100.249	-0.05959521276281521	6.839594799720849	1.026	899.322
155.001	219.875	80.056	19.996	100.248	-0.05977007843457116	6.80699949725199	1.032	899.352
155.501	220.382	80.054	19.995	100.244	-0.059944944106327114	6.79940419478313	0.998	899.332
156.001	220.861	80.055	19.996	100.247	-0.060119809778083066	6.819808892314271	0.986	899.346
156.501	221.394	80.057	19.995	100.247	-0.0592946754498378	6.742213589845412	1.012	899.356
157.002	221.876	80.056	19.996	100.247	-0.06146989085293697	6.922627096771615	1.014	899.361
157.502	222.396	80.055	19.997	100.244	-0.05764475652469514	6.612031794302756	1.003	899.363
158.001	222.905	80.054	19.996	100.244	-0.057819272465106764	6.692427682438835	1.029	899.362
158.501	223.383	80.053	19.996	100.244	-0.058994138136860386	6.739832379969975	0.986	899.369
159.001	223.895	80.056	19.997	100.246	-0.05916900380861634	6.789237077501116	0.99	899.374
159.501	224.378	80.054	19.997	100.248	-0.05634386948037218	6.609641775032257	0.995	899.364
160.001	224.875	80.055	19.997	100.248	-0.05751873515212935	6.736046472563397	0.981	899.36
160.501	225.39	80.055	19.997	100.245	-0.059693600823884196	6.897451170094538	1.012	899.393
161.001	225.927	80.053	19.997	100.243	-0.05886846649564248	6.7858558676256795	1.052	899.373
161.501	226.472	80.056	19.998	100.246	-0.05704333216739599	6.62826056515682	1.082	899.387
162.001	226.928	80.056	19.998	100.247	-0.05421819783915183	6.43966526268796	1.002	899.354
162.501	227.435	80.055	19.998	100.248	-0.055393063510909	6.477069960219101	0.963	899.373
163.002	227.934	80.055	19.998	100.248	-0.05656827891400695	6.540483467145305	1.005	899.364
163.501	228.419	80.055	19.997	100.247	-0.05674279485441858	6.561879355281382	0.984	899.371
164.001	228.924	80.055	19.997	100.247	-0.05691766052617453	6.638284052812523	0.99	899.374
164.501	229.434	80.055	19.997	100.247	-0.059092526197929374	6.859688750343665	1.015	899.399
165.002	229.95	80.053	19.997	100.243	-0.057267741601030764	6.676102257269867	1.026	899.379
165.502	230.46	80.054	19.997	100.242	-0.0544426072727866	6.488506954801007	1.026	899.399
166.001	230.907	80.054	19.997	100.245	-0.060617123213198454	7.004902842937087	0.957	899.385
166.502	231.449	80.053	19.997	100.24	-0.060792338616298736	7.07331634986329	0.988	899.38
167.002	231.947	80.056	19.997	100.236	-0.06196720428805236	7.069721047394431	1.04	899.4
167.502	232.433	80.055	19.997	100.234	-0.06014206995980942	6.868125744925571	0.984	899.388
168.002	232.974	80.055	19.996	100.238	-0.06431693563156671	7.105530442456712	1.027	899.385
168.502	233.487	80.054	19.997	100.236	-0.05549180130332232	6.464935139987853	1.053	899.382
169.002	233.984	80.054	19.996	100.241	-0.06266666697507617	7.013339837518994	1.01	899.419
169.502	234.477	80.056	19.996	100.238	-0.059841532646828455	6.758744535050134	0.99	899.413
170.002	234.959	80.054	19.997	100.241	-0.06001639831858441	6.823149232581276	0.976	899.385
170.501	235.497	80.054	19.997	100.239	-0.06219091425900203	7.029545120717354	1.021	899.409
171.001	235.996	80.055	19.997	100.237	-0.058365779930756645	6.757949818248494	1.037	899.408
171.501	236.484	80.054	19.996	100.234	-0.058540645602509045	6.719354515779635	0.987	899.425
172.001	237.001	80.054	19.996	100.233	-0.06271551127426633	7.052759213310776	1.005	899.432
172.501	237.493	80.056	19.997	100.228	-0.06389037694601996	7.205163910841916	1.008	899.422
173.002	238.02	80.055	19.996	100.224	-0.06506559234912146	7.2375774177681205	1.018	899.39
173.502	238.52	80.055	19.996	100.22	-0.06424045802087619	7.21598211529926	1.028	899.442
174.002	239.014	80.055	19.997	100.22	-0.06341532369263447	7.200386812830401	0.994	899.422
174.502	239.525	80.055	19.997	100.226	-0.06059018936439031	6.993791510361541	1.005	899.426
175.002	240.038	80.055	19.997	100.233	-0.06576505503614527	7.411196207892683	1.025	899.442
175.502	240.506	80.054	19.997	100.236	-0.06293992070790111	7.164600905423823	0.981	899.428
176.001	241.022	80.054	19.997	100.234	-0.06611443664831285	7.458996793559901	0.984	899.417
176.501	241.504	80.055	19.996	100.235	-0.06528930232006758	7.392401491091043	0.997	899.426
177.002	242.014	80.051	19.996	100.232	-0.0674645177231703	7.4998149980172455	0.991	899.434
177.502	242.527	80.054	19.996	100.227	-0.06663938339492503	7.403219695548387	1.023	899.431
178.002	243.026	80.056	19.998	100.224	-0.06581424906667621	7.356624393079527	1.012	899.414
178.502	243.545	80.054	19.997	100.225	-0.07298911473843361	7.9620290906106685	1.018	899.399
179.002	244.055	80.056	19.997	100.224	-0.06816398041019056	7.581433788141808	1.03	899.449
179.502	244.538	80.054	19.998	100.222	-0.06833884608194651	7.65483848567295	0.993	899.428
180.002	245.022	80.053	19.997	100.222	-0.06951371175370014	7.74224318320409	0.967	899.446
180.502	245.515	80.052	19.997	100.222	-0.0726885774254562	7.939647880735231	0.978	899.407
181.001	246.019	80.05	19.997	100.222	-0.07586309336586794	8.19604376887131	0.998	899.443
181.501	246.566	80.052	19.997	100.213	-0.08003795903762523	8.45544846640245	1.051	899.458
182.001	247.093	80.053	19.997	100.211	-0.07621282470937984	8.099853163933592	1.073	899.429
182.502	247.544	80.051	19.997	100.213	-0.08038804011248146	8.346266670859794	0.978	899.44
183.002	248.056	80.054	19.996	100.212	-0.07556290578423841	7.8446713683909355	0.964	899.451
183.502	248.566	80.053	19.997	100.211	-0.07673777145599203	7.8880760659220766	1.022	899.49
184.002	249.041	80.052	19.997	100.217	-0.0779126371277492	7.985480763453217	0.984	899.444
184.502	249.586	80.05	19.996	100.216	-0.07608750279950627	7.8198854609843576	1.019	899.445
185.002	250.082	80.05	19.997	100.211	-0.07826236847126111	8.075290158515498	1.041	899.432
185.502	250.549	80.051	19.997	100.21	-0.07643723414301817	7.995694856046639	0.964	899.477
186.001	251.125	80.052	19.997	100.209	-0.08061175008342758	8.367090744182718	1.042	899.476
186.502	251.571	80.049	19.998	100.207	-0.08378696548652442	8.606504251108921	1.021	899.43
187.002	252.091	80.05	19.998	100.205	-0.08096183115828026	8.372908948640061	0.966	899.439
187.502	252.562	80.049	19.998	100.204	-0.08513669683003755	8.601313646171201	0.991	899.481
188.002	253.077	80.049	19.997	100.202	-0.08331156250179461	8.439718343702344	0.986	899.477
188.502	253.581	80.053	19.997	100.202	-0.08648642817355068	8.621123041233483	1.019	899.443
189.002	254.086	80.053	19.998	100.206	-0.08866129384530552	8.757527738764624	1.009	899.488
189.502	254.622	80.051	19.999	100.214	-0.08683615951706258	8.702932436295766	1.041	899.504
190.002	255.111	80.052	19.997	100.222	-0.09101102518881632	9.148337133826905	1.025	899.481
190.502	255.61	80.052	19.998	100.227	-0.09618589086057128	9.683741831358047	0.988	899.524
191.002	256.112	80.052	19.999	100.231	-0.09736075653232845	9.836146528889188	1.002	899.465
191.502	256.599	80.053	19.997	100.229	-0.0925356222040854	9.529551226420327	0.988	899.487
192.002	257.086	80.052	19.998	100.226	-0.09371048787583902	9.66995592395147	0.974	899.475
192.502	257.629	80.054	19.998	100.219	-0.09688535354759509	9.87936062148261	1.031	899.487
193.002	258.114	80.052	19.998	100.212	-0.09806021921935226	9.91776531901375	1.028	899.51
193.502	258.605	80.052	19.998	100.209	-0.1002350848911071	9.858170016544891	0.975	899.505
194.002	259.119	80.055	19.997	100.211	-0.09940995056286539	9.750574714076032	1.006	899.466
194.501	259.625	80.056	19.997	100.211	-0.10458446650327602	10.10397060221211	1.021	899.498
195.002	260.14	80.055	19.998	100.218	-0.10475968190637275	10.092384109138314	1.02	899.524
195.502	260.628	80.052	19.997	100.224	-0.10393454757812748	10.024788806669456	1.002	899.475
196.002	261.132	80.054	19.997	100.224	-0.10110941324988332	9.821193504200595	0.993	899.481
196.502	261.611	80.054	19.997	100.223	-0.10328427892164171	10.038598201731736	0.984	899.488
197.002	262.101	80.052	19.996	100.218	-0.11045914459339556	10.575002899262877	0.969	899.472
197.502	262.603	80.052	19.998	100.205	-0.10863401026515263	10.431407596794017	0.992	899.513
198.002	263.104	80.052	19.997	100.193	-0.11080887593690747	10.56581229432516	1.003	899.508
198.501	263.66	80.051	19.998	100.188	-0.1089833918773202	10.457208182461237	1.058	899.514
199.002	264.119	80.053	19.998	100.182	-0.11115860728041937	10.670621689387438	1.015	899.527
199.502	264.618	80.054	19.997	100.182	-0.11433347295217544	10.852026386918581	0.957	899.528
200.002	265.123	80.054	19.997	100.188	-0.10950833862393239	10.564431084449723	1.004	899.528
200.502	265.655	80.054	19.998	100.195	-0.11268320429568845	10.825835781980862	1.037	899.554
201.002	266.15	80.054	19.998	100.202	-0.11585806996744452	11.105240479512004	1.026	899.542
201.502	266.646	80.052	19.997	100.209	-0.11603293563920047	11.093645177043145	0.991	899.538
202.002	267.158	80.051	19.998	100.211	-0.11720780131095765	11.201049874574284	1.009	899.535
202.502	267.64	80.051	19.998	100.209	-0.1223826669827126	11.547454572105424	0.994	899.499
203.002	268.123	80.052	19.998	100.207	-0.11855753265446722	11.277859269636567	0.965	899.518
203.502	268.645	80.054	19.998	100.206	-0.12273239832622096	11.552263967167706	1.005	899.552
204.002	269.159	80.055	19.998	100.2	-0.12290726399797691	11.472668664698848	1.036	899.536
204.502	269.659	80.054	19.998	100.201	-0.12208212966973164	11.433073362229988	1.013	899.539
205.002	270.157	80.055	19.997	100.203	-0.1222569953414876	11.468478059761129	0.997	899.531
205.502	270.663	80.055	19.998	100.205	-0.12343186101324477	11.51488275729227	1.004	899.541
206.002	271.136	80.055	19.998	100.199	-0.12660672668500084	11.67428745482341	0.979	899.573
206.502	271.656	80.054	19.997	100.201	-0.12878159235675568	11.855692152354552	0.992	899.536
207.002	272.141	80.055	19.997	100.198	-0.13095645802851053	11.956096849885693	1.006	899.499
207.502	272.622	80.055	19.998	100.196	-0.13313132370026892	12.060501547416834	0.967	899.57
208.002	273.147	80.053	19.997	100.193	-0.13030618937202476	11.909906244947972	1.006	899.563
208.502	273.658	80.052	19.998	100.189	-0.14048105504377872	12.742310942479115	1.035	899.568
209.002	274.128	80.054	19.998	100.188	-0.13065592071553667	11.972715640010255	0.98	899.562
209.502	274.663	80.055	19.997	100.188	-0.14083078638729063	12.704120337541395	1.005	899.531
210.002	275.132	80.056	19.997	100.189	-0.1390056520590477	12.587525035072536	1.004	899.583
210.502	275.654	80.057	19.997	100.191	-0.14218051773080376	12.833929732603679	0.991	899.584
211.002	276.117	80.055	19.997	100.195	-0.1423553834025597	12.825334430134818	0.985	899.549
211.502	276.64	80.053	19.997	100.197	-0.146530249074317	13.068739127665959	0.986	899.585
212.002	277.134	80.054	19.997	100.194	-0.14470511474606695	12.9161438251971	1.016	899.593
212.502	277.64	80.055	19.997	100.194	-0.15387998041782325	13.63854852272824	1.0	899.576
213.002	278.141	80.055	19.998	100.199	-0.1470548460895813	13.201953220259382	1.008	899.565
213.502	278.662	80.053	19.996	100.204	-0.15222971176133626	13.582357917790523	1.022	899.567
214.002	279.143	80.055	19.997	100.201	-0.15040457743309332	13.361762615321663	1.002	899.582
214.502	279.681	80.055	19.998	100.205	-0.15957944310484962	14.117167312852803	1.019	899.59
215.002	280.15	80.054	19.998	100.207	-0.15675430877660546	13.889572010383946	1.008	899.576
215.502	280.624	80.054	19.998	100.202	-0.15992917444836152	14.094976707915086	0.943	899.577
216.002	281.145	80.054	19.997	100.195	-0.16010404012011747	14.041381405446225	0.994	899.588
216.502	281.639	80.054	19.998	100.198	-0.15827890579187098	13.947786102977368	1.014	899.619
217.003	282.17	80.053	19.998	100.199	-0.1604541211949737	14.01719960990357	1.025	899.606
217.502	282.638	80.054	19.997	100.198	-0.161628637135383	14.058595498039649	0.999	899.614
218.002	283.119	80.056	19.998	100.2	-0.1728035028071382	14.94100019557079	0.949	899.632
218.502	283.652	80.055	19.998	100.202	-0.17197836847889647	14.91140489310193	1.015	899.599
219.002	284.112	80.05	19.996	100.2	-0.17015323415064998	14.799809590633071	0.993	899.652
219.502	284.654	80.053	19.998	100.198	-0.17632809982240616	15.253214288164212	1.002	899.613
220.002	285.162	80.053	19.999	100.198	-0.1825029654941588	15.670618985695352	1.05	899.602
220.502	285.652	80.052	19.997	100.197	-0.1876778311659173	16.09002368322649	0.997	899.638
221.002	286.152	80.056	19.997	100.199	-0.18885269683767092	16.109428380757635	0.99	899.614
221.502	286.672	80.055	19.997	100.199	-0.19402756250942588	16.458833078288777	1.021	899.626
222.002	287.15	80.055	19.997	100.196	-0.17520242818118348	15.032237775819915	0.998	899.631
222.502	287.683	80.052	19.997	100.197	-0.20737729385293946	17.488642473351057	1.011	899.646
223.002	288.133	80.052	19.997	100.199	-0.19755215952469385	16.759047170882198	0.983	899.65
223.502	288.669	80.054	19.997	100.2	-0.20072702519644992	16.922451868413336	0.986	899.612
224.002	289.14	80.052	19.998	100.2	-0.2099018908682062	17.589856565944476	1.007	899.64
224.502	289.645	80.054	19.998	100.206	-0.2140767565399635	17.88226126347562	0.976	899.617
225.002	290.149	80.054	19.997	100.205	-0.21625162221171834	18.05866596100676	1.008	899.624
225.503	290.632	80.051	19.997	100.203	-0.22042683761481996	18.41107946793296	0.985	899.624
226.003	291.142	80.055	19.997	100.197	-0.22360170328657603	18.733484165464105	0.994	899.634
226.503	291.624	80.055	19.996	100.2	-0.22877656895832743	19.222888862995244	0.994	899.654
227.002	292.132	80.053	19.995	100.199	-0.23595108489874406	19.865284751131323	0.99	899.669
227.502	292.613	80.054	19.997	100.2	-0.2361259505705	19.945689448662463	0.989	899.682
228.002	293.144	80.055	19.997	100.204	-0.24030081624225375	20.281094146193606	1.012	899.677
228.502	293.625	80.055	19.996	100.206	-0.24147568191400737	20.344498843724743	1.012	899.66
229.002	294.122	80.056	19.996	100.204	-0.24665054758576233	20.747903541255887	0.978	899.677
229.502	294.659	80.053	19.996	100.202	-0.24882541325752072	20.883308238787027	1.034	899.639
230.002	295.161	80.055	19.996	100.201	-0.25100027892927557	21.069712936318165	1.039	899.659
230.502	295.646	80.057	19.998	100.201	-0.25517514460103286	21.350117633849308	0.987	899.659
231.003	296.159	80.057	19.998	100.21	-0.2613503600041298	21.83453114077551	0.998	899.655
231.503	296.654	80.059	19.998	100.213	-0.2645252256758859	22.099935838306653	1.009	899.642
232.002	297.104	80.058	19.997	100.214	-0.26969974161630006	22.499331726442733	0.946	899.735
232.502	297.68	80.058	19.998	100.211	-0.26787460728805357	22.393736423973873	1.026	899.641
233.002	298.165	80.056	19.998	100.205	-0.27704947295980986	23.034141121505012	1.062	899.622
233.502	298.656	80.054	19.998	100.195	-0.2752243386315669	22.862545819036153	0.977	899.695
234.002	299.175	80.053	19.997	100.188	-0.28839920430332455	23.903950516567296	1.01	899.684
234.502	299.65	80.055	19.997	100.184	-0.2855740699750804	23.680355214098434	0.993	899.648
235.002	300.118	80.054	19.998	100.18	-0.2967489356468356	24.448759911629576	0.943	899.635
235.502	300.676	80.055	19.997	100.18	-0.2939238013185914	24.246164609160715	1.027	899.769
236.002	301.197	80.053	19.996	100.178	-0.3050986669903466	24.998569306691856	1.079	899.733
236.502	301.664	80.054	19.997	100.178	-0.3092735326621039	25.325974004223	0.988	899.639
237.002	302.184	80.057	19.997	100.179	-0.30844839833385507	25.274378701754138	0.986	899.642
237.502	302.681	80.057	19.996	100.181	-0.31662326400561014	25.889783399285278	1.016	899.636
238.002	303.159	80.055	19.995	100.179	-0.32579812967736643	26.630188096816422	0.975	899.681
238.502	303.666	80.054	19.995	100.178	-0.3369729953491216	27.463592794347562	0.985	899.682
239.002	304.16	80.055	19.997	100.176	-0.3251478610208771	26.6099974918787	1.002	899.7
239.502	304.659	80.056	19.997	100.172	-0.34032272669263364	27.765402189409844	0.993	899.717
240.003	305.127	80.054	19.996	100.173	-0.3484979420957366	28.295815696336046	0.966	899.723
240.502	305.665	80.053	19.997	100.176	-0.33067245803614753	26.889211584472122	1.008	899.721
241.002	306.131	80.056	19.996	100.176	-0.3418473237079027	27.680616282003268	1.005	899.689
241.502	306.654	80.055	19.997	100.175	-0.3450221893796588	27.966020979534406	0.988	899.689
242.002	307.179	80.054	19.997	100.175	-0.3641970550514131	29.472425677065544	1.046	899.704
242.503	307.659	80.057	19.996	100.176	-0.34937227045451635	28.36583918399175	1.004	899.734
243.003	308.16	80.058	19.997	100.178	-0.3755471361262721	30.36524388152289	0.981	899.679
243.503	308.631	80.057	19.997	100.184	-0.36572200179802294	29.60664857905403	0.973	899.722
244.002	309.19	80.057	19.997	100.186	-0.3618965177384368	29.29204446719011	1.032	899.748
244.502	309.654	80.055	19.998	100.183	-0.37907138341019575	30.47744916472125	1.024	899.71
245.002	310.152	80.055	19.996	100.182	-0.3802462490819494	30.56085386225239	0.961	899.684
245.502	310.643	80.055	19.997	100.176	-0.381421114753703	30.591258559783533	0.989	899.751
246.002	311.155	80.056	19.997	100.171	-0.3775959804254576	30.263663257314672	1.002	899.733
246.502	311.658	80.057	19.997	100.175	-0.38877084609721635	31.07606795484581	1.014	899.735
247.002	312.109	80.057	19.997	100.178	-0.394945711768969	31.621472652376955	0.954	899.745
247.503	312.653	80.057	19.998	100.181	-0.39312092717207037	31.467886159303156	0.996	899.809
248.003	313.178	80.06	19.998	100.185	-0.40029579284382777	31.925290856834298	1.07	899.682
248.502	313.653	80.059	19.997	100.185	-0.4104703087842374	32.69268674497037	1.0	899.685
249.002	314.143	80.056	19.996	100.178	-0.4096451744559957	32.58009144250151	0.964	899.738
249.503	314.676	80.056	19.997	100.177	-0.4188203898590963	33.209504949427725	1.021	899.753
250.004	315.16	80.055	19.998	100.176	-0.42099560526219193	33.313918456353925	1.017	899.689
250.503	315.596	80.056	19.997	100.174	-0.4291701212026062	33.88331434449	0.922	899.814
251.002	316.104	80.056	19.997	100.175	-0.4363446371430193	34.368710232626086	0.944	899.74
251.502	316.606	80.056	19.998	100.182	-0.44351950281477315	34.83811493015722	1.01	899.815
252.002	317.172	80.057	19.998	100.185	-0.4566943684865308	35.86451962768836	1.069	899.716
252.502	317.639	80.053	19.996	100.185	-0.4588692341582856	35.9699243252195	1.033	899.77
253.002	318.22	80.054	19.998	100.188	-0.4700440998300408	36.80732902275064	1.047	899.714
253.502	318.629	80.057	19.998	100.189	-0.4752189655017993	37.09373372028178	0.99	899.773
254.002	319.122	80.053	19.997	100.19	-0.49039383117354873	38.254138417812925	0.902	899.777
254.502	319.623	80.054	19.998	100.189	-0.4885686968453058	38.00854311534406	0.994	899.778
255.002	320.158	80.053	19.997	100.19	-0.5037435625170623	39.15094781287521	1.036	899.747
255.502	320.599	80.052	19.997	100.193	-0.5179184281888176	40.28135251040635	0.976	899.796
256.002	321.098	80.055	19.997	100.192	-0.530093293860574	41.093757207937486	0.94	899.805
256.502	321.628	80.055	19.997	100.192	-0.5362681595323302	41.52816190546863	1.028	899.817
257.003	322.136	80.056	19.998	100.201	-0.5554433749354288	42.974575412394834	1.038	899.784
257.502	322.595	80.056	19.997	100.207	-0.5646178908758408	43.717971300530905	0.967	899.824
258.003	323.13	80.055	19.998	100.207	-0.5767931062789415	44.547384807457114	0.994	899.783
258.503	323.622	80.056	19.999	100.214	-0.5849679719506966	45.13378950498826	1.027	899.81
259.002	324.132	80.056	19.997	100.216	-0.6001424878911088	46.25918539312433	1.001	899.832
259.503	324.605	80.058	19.998	100.212	-0.6113177032942119	47.08059890005054	0.983	899.785
260.003	325.115	80.056	19.997	100.217	-0.629492568965965	48.478003597581676	0.984	899.848
260.503	325.6	80.057	19.997	100.221	-0.652667434637717	50.185408295112815	0.995	899.832
261.003	326.113	80.059	19.999	100.222	-0.6718423003094749	51.617812992643955	0.997	899.827
261.503	326.631	80.058	19.996	100.227	-0.6990171659812319	53.6282176901751	1.032	899.856
262.002	327.125	80.059	19.997	100.233	-0.7141916819216441	54.73361357831117	1.013	899.826
262.503	327.605	80.059	19.999	100.228	-0.7463668973247408	57.04202708523738	0.973	899.757
263.003	328.116	80.057	19.998	100.229	-0.7405417629964965	56.54043178276852	0.991	899.828
263.502	328.57	80.057	19.999	100.232	-0.7647162789369091	58.3608276709046	0.966	899.838
264.002	329.154	80.058	19.998	100.236	-0.7878911446086647	60.09923236843574	1.039	899.792
264.502	329.599	80.058	19.998	100.235	-0.8200660102804207	62.570637065966885	1.03	899.861
265.002	330.109	80.057	19.998	100.237	-0.834240875952176	63.68504176349802	0.954	899.841
265.503	330.637	80.057	19.998	100.24	-0.8494160913552768	64.91845527042422	1.037	899.787
266.003	331.088	80.055	19.998	100.242	-0.8755909570270326	66.97685996795536	0.979	899.828
266.502	331.638	80.056	19.997	100.24	-0.9087654729674455	69.53125585609145	1.001	899.839
267.003	332.093	80.056	19.998	100.244	-0.9299406883705466	71.17566936301765	1.004	899.842
267.503	332.611	80.055	19.998	100.247	-0.9641155540423014	73.78007406054878	0.973	899.81
268.003	333.118	80.058	19.997	100.247	-0.9862904197140594	75.43547875807992	1.027	899.847
268.502	333.608	80.058	19.998	100.248	-1.0114649356544696	77.27587464621601	0.998	899.891
269.002	334.12	80.056	19.998	100.253	-1.050639801326227	80.17827934374715	1.002	899.848
269.502	334.579	80.058	19.999	100.256	-1.0778146669979805	82.25268404127829	0.971	899.902
270.002	335.081	80.058	19.998	100.263	-1.1069895326697363	84.40608873880943	0.961	899.888
270.502	335.609	80.058	19.999	100.27	-1.1361643983414922	86.63549343634057	1.03	899.855
271.002	336.13	80.059	19.999	100.27	-1.1693392640132458	89.14689813387172	1.048	899.811
271.503	336.625	80.059	19.999	100.267	-1.2075144794163464	92.19131164079792	1.015	899.791
272.003	337.152	80.059	19.998	100.264	-1.2446893450881014	95.08771633832906	1.023	899.81
272.502	337.655	80.059	20.0	100.257	-1.2628638610285137	96.53411222646513	1.031	899.753
273.002	338.095	80.055	19.997	100.252	-1.2910387267002683	98.63951692399627	0.943	899.863
273.502	338.548	80.054	19.998	100.249	-1.3512135923720265	103.16992162152742	0.893	899.829
274.002	339.071	80.054	19.997	100.247	-1.3723884580437797	104.78232631905855	0.976	899.88
274.502	339.593	80.057	19.998	100.244	-1.400563323715538	106.78473101658969	1.045	899.825
275.002	340.073	80.055	19.997	100.244	-1.4487381893872922	110.37313571412083	1.002	899.875
275.502	340.57	80.056	19.998	100.244	-1.4879130550590496	113.33254041165198	0.976	899.883
276.003	341.061	80.055	19.998	100.249	-1.5210882704621511	115.90795391857817	0.987	899.901
276.503	341.575	80.054	19.997	100.255	-1.5692631361339053	119.60435861610932	1.006	899.893
277.002	342.063	80.054	19.998	100.259	-1.6074376520743172	122.51275450424541	1.002	899.898
277.503	342.566	80.053	19.998	100.258	-1.647612867477413	125.5321680111716	0.991	899.853
278.003	343.044	80.051	19.998	100.258	-1.6857877331491693	128.41457270870274	0.981	899.882
278.503	343.551	80.052	19.997	100.25	-1.7229625988209243	131.2639774062339	0.984	899.901
279.003	344.084	80.054	19.998	100.239	-1.771137464492682	134.93438210376502	1.041	899.904
279.503	344.536	80.052	20.0	100.233	-1.808312330164437	137.68878680129617	0.986	899.9
280.003	345.069	80.053	19.998	100.231	-1.8544871958361924	141.14219149882732	0.984	899.88
280.503	345.559	80.054	20.0	100.23	-1.8936620615079498	144.11359619635843	1.022	899.867
281.003	346.072	80.051	19.997	100.235	-1.9528369271797068	148.5560008938896	1.003	899.898
281.503	346.581	80.053	19.999	100.239	-1.9850117928514628	150.96840559142072	1.022	899.91
282.003	347.092	80.05	19.998	100.246	-2.023186658523219	153.85881028895187	1.019	899.865
282.503	347.525	80.052	19.999	100.248	-2.0823615241949724	158.352214986483	0.943	899.889
283.003	348.018	80.051	19.996	100.248	-2.119536389866731	161.18361968401416	0.927	899.957
283.503	348.574	80.05	19.997	100.243	-2.1717112555384865	165.0930243815453	1.049	899.904
284.003	349.001	80.056	19.999	100.237	-2.223886121210242	169.1794290790764	0.982	899.918
284.503	349.514	80.055	19.998	100.233	-2.266060986881996	172.42383377660758	0.94	899.947
285.003	350.021	80.054	20.0	100.233	-2.3122358525537514	175.94723847413871	1.021	899.941
285.503	350.533	80.055	19.999	100.233	-2.3434107182255097	178.34764317166986	1.019	899.899
286.003	351.016	80.055	19.999	100.232	-2.403585583897261	182.956047869201	0.995	899.945
286.502	351.551	80.057	20.0	100.233	-2.460760099837678	187.25644375733708	1.019	899.893
287.002	352.048	80.056	19.999	100.235	-2.5069349655094335	190.6958484548682	1.032	899.922
287.502	352.534	80.055	19.999	100.235	-2.54810983118119	193.81225315239936	0.983	899.952
288.003	353.029	80.056	19.999	100.232	-2.597285046584286	197.58566665932557	0.98	899.93
288.503	353.519	80.057	19.999	100.236	-2.6354599122560423	200.3840713568567	0.985	899.937
289.003	354.042	80.057	19.999	100.239	-2.6896347779277967	204.45747605438785	1.012	899.918
289.504	354.514	80.055	19.997	100.232	-2.7398099933308977	208.32988956131405	0.995	899.934
290.004	354.995	80.056	19.999	100.227	-2.783984859002654	211.66829425884518	0.953	899.946
290.503	355.501	80.056	19.998	100.23	-2.8381593749430643	215.65869014698126	0.987	899.959
291.003	356.053	80.056	19.997	100.226	-2.8793342406148206	218.7330948445124	1.058	899.923
291.504	356.516	80.054	19.997	100.217	-2.9235094560179213	222.1225083514386	1.014	899.972
292.003	356.998	80.053	19.998	100.211	-2.968683971958331	225.48790423957468	0.945	899.991
292.504	357.511	80.055	19.998	100.206	-3.0158591873614284	228.99831774650087	0.996	899.934
293.003	357.967	80.056	19.998	100.195	-3.058033703301845	232.12171363463696	0.97	899.984
293.503	358.475	80.058	19.997	100.194	-3.1062085689735994	235.6521183321681	0.964	899.966
294.004	358.982	80.056	19.999	100.197	-3.1533837843766968	239.1665318390943	1.014	899.941
294.503	359.478	80.053	19.998	100.199	-3.1905583003171074	241.99792772723038	1.003	899.947
295.003	359.923	80.057	19.998	100.194	-3.243733165988864	245.95433242476153	0.942	899.938
295.503	360.409	80.055	19.997	100.192	-3.2829080316606216	248.87973712229268	0.931	900.045
296.003	360.916	80.056	19.998	100.192	-3.3180828973323777	251.5331418198238	0.993	899.998
296.503	361.458	80.059	19.998	100.19	-3.362257763004134	254.81254651735495	1.05	899.967
297.003	361.939	80.057	19.999	100.185	-3.398432628675888	257.4789512148861	1.023	899.954
297.503	362.436	80.056	19.998	100.187	-3.4396074943476442	260.4283559124172	0.977	899.964
298.003	362.915	80.056	19.999	100.186	-3.4827823600193994	263.5967606099484	0.977	900.005
298.502	363.423	80.055	19.998	100.18	-3.512956875959812	265.73515649808445	0.987	899.966
299.003	363.908	80.057	19.999	100.178	-3.5561320913629118	268.8295700050107	0.992	900.003
299.504	364.41	80.057	19.999	100.182	-3.5983073067660136	271.96798351193684	0.988	899.952
300.003	364.899	80.057	20.0	100.182	-3.631481822706423	274.4123794000729	0.992	899.984
300.503	365.427	80.058	19.998	100.187	-3.6676566883781803	277.0897840976041	1.016	899.943
301.003	365.877	80.056	19.999	100.191	-3.7028315540499364	279.5621887951352	0.977	899.98
301.504	366.416	80.057	19.998	100.196	-3.7430067694530322	282.4856023020614	0.988	899.971
302.004	366.873	80.059	19.998	100.192	-3.7771816351247907	284.87100699959257	0.996	900.003
302.503	367.352	80.057	19.998	100.19	-3.8173561510652014	287.6914028877286	0.937	899.98
303.003	367.889	80.057	19.999	100.185	-3.8545310167369564	290.3308075852598	1.016	899.997
303.503	368.393	80.056	19.999	100.181	-3.8887058824087113	292.6902122827909	1.041	899.985
304.003	368.878	80.054	19.998	100.184	-3.9278807480804687	295.45461698032204	0.989	899.975
304.503	369.336	80.055	19.999	100.197	-3.9650556137522237	298.13702167785317	0.943	900.007
305.003	369.866	80.054	19.998	100.208	-4.00923047942398	301.3384263753843	0.989	900.012
305.503	370.354	80.056	19.998	100.212	-4.052405345095735	304.5158310729155	1.018	899.982
306.003	370.864	80.057	19.997	100.221	-4.091580210767493	307.4502357704466	0.997	899.983
306.503	371.36	80.051	19.998	100.227	-4.130755076439247	310.32464046797776	1.005	899.995
307.004	371.834	80.053	19.999	100.225	-4.17393029184235	313.54005397490397	0.97	900.002
307.504	372.352	80.054	19.999	100.227	-4.2211051575141045	317.0584586724351	0.993	899.984
308.004	372.846	80.054	19.999	100.237	-4.26428002318586	320.28086336996626	1.012	899.985
308.504	373.373	80.053	20.0	100.242	-4.306454888857617	323.5102680674974	1.021	900.035
309.004	373.826	80.053	19.999	100.251	-4.352629754529373	327.05567276502853	0.98	900.01
309.504	374.336	80.052	19.999	100.267	-4.391804620201125	330.07307746255964	0.963	900.016
310.004	374.821	80.053	19.999	100.282	-4.431979485872882	333.2904821600908	0.995	900.028
310.503	375.324	80.051	19.999	100.294	-4.473154001813295	336.4898780482269	0.988	899.996
311.004	375.8	80.053	20.0	100.313	-4.510329217216393	339.2952915551531	0.979	899.983
311.504	376.313	80.052	19.998	100.325	-4.552504082888149	342.57169625268426	0.988	900.012
312.004	376.792	80.054	19.998	100.331	-4.592678948559904	345.63110095021534	0.992	900.046
312.504	377.281	80.055	19.999	100.334	-4.63085381423166	348.5595056477465	0.968	900.021
313.004	377.812	80.056	19.998	100.336	-4.669028679903416	351.44991034527766	1.021	900.016
313.503	378.284	80.06	19.998	100.333	-4.700203195843828	353.87630623341374	1.004	900.044
314.004	378.782	80.057	19.999	100.335	-4.727378411246928	356.12571974033995	0.97	900.002
314.504	379.283	80.054	19.998	100.34	-4.750553276918684	357.92012443787104	0.999	900.019
315.003	379.765	80.054	19.998	100.339	-4.764727792859096	358.87852032600716	0.983	900.034
315.503	380.255	80.054	19.998	100.334	-4.779902658530853	359.91692502353834	0.972	900.017
316.003	380.76	80.052	19.999	100.325	-4.794077524202608	360.87832972106946	0.995	900.021
316.503	381.251	80.055	19.999	100.309	-4.8062523898743645	361.6037344186006	0.996	900.027
317.003	381.79	80.055	19.998	100.293	-4.81742725554612	362.2751391161317	1.03	900.02
317.503	382.303	80.054	19.998	100.28	-4.826602121217876	362.9335438136629	1.051	900.099
318.003	382.774	80.054	20.0	100.268	-4.836776986889632	363.712948511194	0.984	900.055
318.503	383.24	80.055	19.998	100.258	-4.853951852561387	365.0653532087251	0.938	900.087
319.003	383.764	80.055	19.999	100.249	-4.859126718233144	365.5637579062563	0.99	900.057
319.503	384.225	80.054	20.0	100.239	-4.863301583904896	366.0351626037874	0.984	900.041
320.004	384.782	80.053	20.0	100.231	-4.866476799307996	366.3295761107137	1.018	900.022
320.504	385.202	80.056	19.999	100.225	-4.882651664979752	367.5009808082448	0.977	900.012
321.004	385.706	80.055	19.999	100.212	-4.9128265306515075	369.6953855057759	0.925	900.026
321.503	386.223	80.053	19.999	100.19	-4.94100104659192	371.712781393912	1.02	900.016
322.003	386.719	80.054	19.999	100.181	-4.9541759122636755	372.56518609144314	1.013	900.046
322.504	387.242	80.053	19.999	100.188	-4.949351127666777	372.10259959836935	1.019	900.049
323.004	387.739	80.054	19.998	100.201	-4.9325259933385315	370.71800429590047	1.02	900.074
323.504	388.235	80.056	19.998	100.216	-4.902700859010288	368.2804089934316	0.993	900.09
324.003	388.729	80.054	19.997	100.246	-4.8808753749506995	366.4108048815677	0.99	900.064
324.504	389.24	80.052	19.997	100.255	-4.8450505903538	363.4732183884939	1.005	900.062
325.004	389.738	80.051	19.998	100.24	-4.801225456025556	359.85062308602505	1.01	900.087
325.503	390.245	80.05	19.998	100.23	-4.751399971965968	355.6050189741611	1.006	900.082
326.003	390.752	80.052	19.998	100.226	-4.7145748376377234	352.37042367169227	1.014	900.077
326.503	391.209	80.051	19.998	100.21	-4.70674970330948	351.33082836922335	0.964	900.104
327.003	391.761	80.051	19.997	100.2	-4.734924568981235	353.18023306675457	1.009	900.108
327.503	392.252	80.051	19.998	100.199	-4.775099434652992	356.1746377642857	1.043	900.085
328.004	392.777	80.049	19.997	100.195	-4.794274650056089	357.8120512712119	1.016	900.114
328.504	393.246	80.051	19.998	100.199	-4.7914495157278445	357.99845596874303	0.994	900.065
329.004	393.725	80.053	19.998	100.212	-4.7796243813996	357.47686066627415	0.948	900.062
329.503	394.232	80.052	19.998	100.225	-4.763798897340012	356.63025655441027	0.987	900.052
330.003	394.732	80.05	19.998	100.235	-4.738973763011767	354.9366612519414	1.008	900.07
330.503	395.248	80.049	19.999	100.248	-4.711148628683523	352.8050659494725	1.015	900.09
331.003	395.754	80.052	19.999	100.264	-4.688323494355279	350.94347064700366	1.022	900.076
331.503	396.281	80.054	19.999	100.286	-4.670498360027036	349.44187534453476	1.034	900.085
332.003	396.771	80.051	19.998	100.319	-4.650673225698791	347.94828004206596	1.017	900.119
332.503	397.229	80.053	19.998	100.361	-4.638848091370548	347.0696847395971	0.947	900.077
333.003	397.764	80.053	19.999	100.412	-4.636022957042304	347.08808943712825	0.992	900.105
333.503	398.308	80.051	19.999	100.457	-4.632197822714058	347.1764941346594	1.079	900.113
334.003	398.79	80.052	19.998	100.496	-4.626372688385816	347.1368988321905	1.026	900.116
334.503	399.256	80.052	20.0	100.514	-4.602547554057571	345.72130352972164	0.948	900.084
335.003	399.752	80.05	19.999	100.506	-4.574722419729326	343.9367082272528	0.963	900.134
335.503	400.268	80.051	19.999	100.468	-4.539897285401082	341.64911292478394	1.012	900.109
336.003	400.771	80.05	20.0	100.42	-4.50207215107284	339.01551762231503	1.018	900.147
336.503	401.289	80.05	19.999	100.376	-4.4552470167445914	335.43392231984626	1.02	900.101
337.004	401.805	80.051	19.998	100.353	-4.395422232147691	330.91933582677245	1.035	900.108
337.503	402.279	80.05	19.997	100.355	-4.334596748088103	326.3097317149085	0.991	900.132
338.003	402.816	80.05	19.997	100.372	-4.27177161375986	321.55113641243963	1.011	900.116
338.503	403.343	80.049	19.998	100.39	-4.206946479431615	316.59754110997073	1.063	900.131
339.003	403.806	80.049	19.999	100.405	-4.136121345103373	311.2609458075019	0.989	900.14
339.503	404.311	80.052	19.998	100.401	-4.073296210775126	306.4653505050331	0.968	900.135
340.003	404.812	80.052	19.999	100.388	-3.998471076446883	300.8867552025642	1.006	900.141
340.504	405.313	80.05	19.999	100.363	-3.939646291849982	296.4491687094904	1.002	900.156
341.004	405.84	80.049	19.999	100.326	-3.878821157521738	291.8505734070215	1.027	900.167
341.504	406.351	80.051	20.0	100.279	-3.807996023193496	286.5689781045527	1.037	900.137
342.004	406.843	80.053	19.999	100.25	-3.7341708888652505	280.98938280208387	1.004	900.156
342.504	407.329	80.052	19.999	100.221	-3.661345754537006	275.501787499615	0.978	900.166
343.004	407.876	80.05	19.999	100.2	-3.577520620208759	269.0971921971461	1.033	900.125
343.503	408.38	80.053	19.998	100.198	-3.4906951361491743	262.3945880852822	1.052	900.152
344.003	408.897	80.051	20.0	100.208	-3.4058700018209294	255.7259927828133	1.021	900.14
344.504	409.377	80.051	19.999	100.212	-3.3120452172240284	248.38240628973955	0.997	900.151
345.004	409.896	80.052	19.998	100.219	-3.218220082895783	240.94281098727066	0.999	900.152
345.504	410.401	80.051	20.0	100.23	-3.122394948567539	233.3512156848018	1.024	900.124
346.003	410.896	80.05	19.998	100.239	-3.0265694645079506	225.8006115729379	1.0	900.154
346.503	411.418	80.049	19.999	100.244	-2.9337443301797066	218.41301627046903	1.017	900.203
347.004	411.93	80.048	20.001	100.249	-2.841919545582808	211.11442977739523	1.033	900.163
347.504	412.45	80.049	20.0	100.253	-2.749094411254564	203.65283447492638	1.032	900.147
348.004	412.927	80.05	20.0	100.257	-2.661269276926319	196.6682391724575	0.997	900.144
348.504	413.448	80.05	20.0	100.257	-2.5774441425980754	189.91264386998867	0.999	900.155
349.003	413.958	80.051	19.999	100.255	-2.487618658538487	182.84803975812474	1.032	900.162
349.503	414.481	80.051	20.0	100.258	-2.4067935242102436	176.38144445565587	1.033	900.178
350.004	415.001	80.051	20.0	100.266	-2.324968739613343	169.9678579625821	1.042	900.162
350.504	415.499	80.054	19.999	100.28	-2.2401436052850983	163.40126266011322	1.018	900.186
351.004	416.019	80.053	20.0	100.302	-2.160318470956856	157.09066735764435	1.019	900.184
351.504	416.522	80.054	20.0	100.328	-2.0814933366286077	150.93507205517548	1.023	900.195
352.003	417.034	80.051	20.0	100.358	-2.0036678525690235	144.8244679433116	1.015	900.191
352.503	417.512	80.052	20.0	100.392	-1.927842718240779	138.85787264084271	0.99	900.145
353.003	418.032	80.053	20.0	100.42	-1.8490175839125342	132.68127733837386	0.999	900.195
353.503	418.575	80.051	20.0	100.451	-1.7731924495842861	126.852682035905	1.062	900.208
354.004	419.048	80.052	20.0	100.483	-1.7053676649873886	121.6430955428312	1.015	900.159
354.504	419.54	80.053	19.999	100.514	-1.6285425306591428	115.82750024036235	0.965	900.171
355.004	420.079	80.053	20.0	100.548	-1.5647173963308987	110.92790493789349	1.032	900.192
355.503	420.589	80.054	20.0	100.582	-1.4928919122713111	105.44430082602956	1.05	900.217
356.003	421.114	80.053	19.998	100.615	-1.426066777943067	100.35170552356071	1.034	900.195
356.503	421.606	80.052	19.999	100.639	-1.3592416436148227	95.28411022109185	1.017	900.221
357.003	422.12	80.051	19.999	100.659	-1.2984165092865787	90.57451491862298	1.007	900.209
357.504	422.642	80.05	20.0	100.671	-1.2335917246896777	85.67692842554919	1.036	900.21
358.004	423.131	80.052	20.001	100.685	-1.1747665903614362	81.15233312308034	1.011	900.188
358.504	423.637	80.051	20.0	100.7	-1.1139414560331922	76.62673782061147	0.995	900.232
359.004	424.16	80.05	20.0	100.718	-1.0611163217049473	72.5821425181426	1.029	900.243
359.504	424.677	80.05	20.0	100.736	-1.0072911873767012	68.50654721567375	1.041	900.229
360.004	425.153	80.051	20.0	100.747	-0.9564660530484552	64.6929519132049	0.993	900.244
360.503	425.631	80.05	20.0	100.759	-0.910640568988871	61.18434780134098	0.954	900.248
361.003	426.176	80.053	20.0	100.763	-0.8628154346606252	57.52775249887211	1.022	900.252
361.504	426.691	80.052	20.0	100.765	-0.8159906500637213	53.99716600579831	1.06	900.249
362.004	427.142	80.052	20.001	100.759	-0.7791655157354782	51.22457070332946	0.966	900.293
362.504	427.666	80.051	20.0	100.761	-0.7353403814072337	47.95697540086059	0.975	900.251
363.004	428.194	80.05	19.999	100.759	-0.6995152470789918	45.37038009839174	1.052	900.258
363.504	428.701	80.053	20.0	100.756	-0.6586901127507474	42.359784795922884	1.034	900.276
364.004	429.181	80.054	19.998	100.758	-0.6248649784225009	39.85018949345402	0.987	900.237
364.504	429.687	80.053	19.998	100.764	-0.5910398440942579	37.40759419098516	0.987	900.273
365.004	430.201	80.055	19.998	100.763	-0.5552147097660161	34.7779988885163	1.02	900.247
365.504	430.69	80.054	19.997	100.759	-0.5243895754377697	32.55140358604744	1.003	900.261
366.004	431.189	80.054	19.998	100.753	-0.4975644411095246	30.567808283578582	0.988	900.299
366.504	431.701	80.057	19.998	100.75	-0.47173930678128073	28.785212981109723	1.012	900.273
367.003	432.195	80.055	19.997	100.744	-0.44291382272169244	26.8006088692458	1.007	900.237
367.503	432.713	80.052	19.998	100.743	-0.4200886883934487	25.242013566776944	1.011	900.283
368.004	433.17	80.051	19.998	100.743	-0.3952639037965504	23.460427073703144	0.974	900.281
368.504	433.687	80.052	19.997	100.746	-0.3734387694683008	21.983831771234286	0.974	900.249
369.004	434.168	80.052	19.998	100.738	-0.3546136351400584	20.794236468765426	0.998	900.241
369.504	434.701	80.051	19.999	100.731	-0.335788500811816	19.543641166296567	1.014	900.282
370.004	435.211	80.051	19.998	100.721	-0.31696336648357004	18.311045863827708	1.044	900.253
370.504	435.715	80.055	19.999	100.71	-0.2991382321553253	17.132450561358848	1.013	900.289
371.004	436.193	80.054	19.998	100.699	-0.2813130978270806	15.874855258889989	0.982	900.314
371.504	436.688	80.052	19.999	100.695	-0.2684879634988384	15.079259956421131	0.973	900.296
372.004	437.201	80.053	19.999	100.686	-0.2536628291705938	14.184664653952272	1.008	900.294
372.504	437.686	80.053	19.999	100.676	-0.2378376948423515	13.315069351483412	0.998	900.266
373.004	438.177	80.053	19.999	100.669	-0.22901256051410712	12.920474049014553	0.975	900.291
373.504	438.702	80.052	20.001	100.66	-0.21518742618586373	12.232878746545694	1.017	900.301
374.004	439.195	80.051	19.999	100.643	-0.202362291857618	11.616283444076835	1.018	900.303
374.504	439.696	80.052	20.0	100.63	-0.1925371575293724	11.127688141607976	0.994	900.311
375.004	440.2	80.051	20.001	100.618	-0.18571202320113045	10.859092839139118	1.006	900.338
375.504	440.689	80.051	19.999	100.604	-0.17688688887288606	10.315497536670257	0.993	900.316
376.004	441.191	80.052	19.999	100.587	-0.16606175454464278	9.566902234201397	0.99	900.326
376.504	441.726	80.051	19.999	100.571	-0.1602366202163985	9.18430693173254	1.037	900.317
377.004	442.184	80.053	19.998	100.555	-0.14841148588815045	8.48971162926368	0.993	900.325
377.504	442.72	80.057	19.999	100.542	-0.14058635155990729	8.06111632679482	0.994	900.309
378.004	443.205	80.055	19.998	100.531	-0.13576121723166068	7.918521024325962	1.021	900.355
378.504	443.717	80.054	19.999	100.521	-0.12793608290341751	7.542925721857102	0.997	900.336
379.004	444.196	80.05	20.0	100.508	-0.12311094857517446	7.428330419388242	0.992	900.345
379.504	444.691	80.051	19.998	100.49	-0.11728581424693019	7.172735116919384	0.974	900.354
380.004	445.244	80.052	19.999	100.463	-0.11246067991868713	6.9411398144505245	1.048	900.358
380.504	445.697	80.05	20.0	100.435	-0.10863554559044175	6.641544511981665	1.007	900.366
381.004	446.194	80.051	19.999	100.408	-0.1038104112621987	6.420949209512806	0.95	900.342
381.504	446.688	80.053	19.999	100.386	-0.09998527693395332	6.206353907043946	0.99	900.356
382.004	447.201	80.051	19.998	100.367	-0.09216014260571015	5.699758604575087	1.006	900.34
382.504	447.685	80.052	19.998	100.357	-0.08933500827746599	5.571163302106228	0.997	900.372
383.004	448.226	80.053	19.999	100.349	-0.08150987394922282	4.996567999637369	1.025	900.332
383.504	448.712	80.052	19.999	100.341	-0.08068473962097755	5.01697269716851	1.027	900.36
384.004	449.205	80.052	19.999	100.336	-0.0758596052927345	4.661377394699651	0.98	900.392
384.504	449.695	80.051	19.999	100.323	-0.07203447096448912	4.4807820922307915	0.983	900.349
385.004	450.204	80.053	19.998	100.306	-0.06720933663624606	4.1301867897619315	0.999	900.406
385.503	450.682	80.054	19.998	100.289	-0.06038385257665624	3.6955826778980096	0.987	900.385
386.004	451.173	80.051	19.999	100.271	-0.05555906797975396	3.323996184824213	0.968	900.389
386.504	451.687	80.054	19.998	100.25	-0.048733933651508465	2.888400882355354	1.004	900.393
387.004	452.187	80.052	19.998	100.242	-0.03990879932326408	2.174805579886495	1.014	900.38
387.504	452.669	80.05	19.997	100.237	-0.037083664995019916	1.8802102774176355	0.983	900.38
388.004	453.191	80.052	19.997	100.234	-0.030258530666777972	1.3546149749487766	1.003	900.377
388.504	453.689	80.053	19.998	100.226	-0.02543339633853492	1.0030196724799174	1.02	900.421
389.004	454.166	80.054	19.997	100.219	-0.020608262010288314	0.6424243700110579	0.976	900.398
389.504	454.685	80.051	19.997	100.209	-0.017783127682044153	0.4928290675421987	0.996	900.422
390.004	455.21	80.052	19.997	100.205	-0.014957993353799992	0.26023376507333973	1.043	900.438
390.504	455.695	80.053	19.997	100.202	-0.014132859025558275	0.21563846260448005	1.009	900.414
391.004	456.189	80.052	19.998	100.2	-0.010307724697312892	-0.1339568398643789	0.979	900.411
391.504	456.687	80.051	19.998	100.196	-0.008482590369069953	-0.274552142333238	0.993	900.459
392.004	457.156	80.052	19.998	100.191	-0.007657456040824684	-0.30514744480209766	0.967	900.433
392.504	457.662	80.052	19.998	100.181	-0.0068323217125794145	-0.2947427472709565	0.975	900.428
393.004	458.154	80.052	19.997	100.174	-0.006007187384337698	-0.3483380497398163	0.998	900.434
393.504	458.663	80.054	19.997	100.174	-0.005182053056092428	-0.33393335220867515	1.002	900.434
394.004	459.166	80.05	19.998	100.177	-0.005356918727844828	-0.21252865467753423	1.011	900.437
394.504	459.67	80.049	19.997	100.181	-0.0015317843996029978	-0.4991239571463937	1.006	900.453
395.004	460.164	80.049	19.998	100.183	-0.0047066500713555115	-0.16071925961525269	0.997	900.44
395.504	460.653	80.049	19.998	100.181	0.00011848425688754105	-0.5483145620841121	0.983	900.467
396.004	461.143	80.05	19.997	100.176	-0.002056381414870856	-0.36990986455297126	0.98	900.438
396.504	461.658	80.05	19.998	100.174	0.0017687529133745272	-0.6405051670218307	1.005	900.464
397.004	462.16	80.051	19.999	100.172	-0.0024061127583827613	-0.27610046949068945	1.017	900.458
397.504	462.664	80.055	19.998	100.171	-0.0015809784301374918	-0.2826957719595491	1.006	900.474
398.004	463.19	80.054	19.998	100.171	-0.0007558441018922224	-0.2922910744284084	1.03	900.486
398.505	463.669	80.052	19.997	100.173	0.003068940495005279	-0.5808775675022053	1.005	900.481
399.005	464.155	80.054	19.998	100.173	-0.00010592517675078739	-0.28147286997106447	0.965	900.49
399.504	464.692	80.053	19.998	100.17	-0.0012804411171600805	-0.12107698183498572	1.023	900.47
400.003	465.175	80.052	19.997	100.166	0.0015450429424284096	-0.2606810936989077	1.02	900.48
400.504	465.669	80.05	19.997	100.159	0.0013698275393281278	-0.3102675867727047	0.978	900.529
401.004	466.166	80.05	19.998	100.151	0.0021949618675698446	-0.3728628892415635	0.991	900.517
401.504	466.648	80.049	19.997	100.148	0.004020096195816336	-0.4884581917104227	0.978	900.509
402.004	467.168	80.049	19.998	100.145	0.002845230524062714	-0.40305349417928227	1.002	900.52
402.504	467.65	80.047	19.998	100.141	0.0006703648523078698	-0.23764879664814131	1.001	900.493
403.004	468.132	80.051	19.998	100.139	0.0014954991805495865	-0.31524409911700024	0.963	900.492
